{
  "id": "",
  "name": "",
  "font_family": "iconfont",
  "css_prefix_text": "icon-",
  "description": "",
  "glyphs": [
    {
      "icon_id": "278286",
      "name": "home",
      "font_class": "home",
      "unicode": "e626",
      "unicode_decimal": 58918
    },
    {
      "icon_id": "1876329",
      "name": "发布文章",
      "font_class": "fabuwenzhang",
      "unicode": "e670",
      "unicode_decimal": 58992
    },
    {
      "icon_id": "10268558",
      "name": "科室介绍",
      "font_class": "keshijieshao",
      "unicode": "e67d",
      "unicode_decimal": 59005
    },
    {
      "icon_id": "26696920",
      "name": "链接_1",
      "font_class": "lianjie_1",
      "unicode": "e76c",
      "unicode_decimal": 59244
    }
  ]
}
