{
  "id": "",
  "name": "",
  "font_family": "iconfont",
  "css_prefix_text": "icon-",
  "description": "",
  "glyphs": [
    {
      "icon_id": "162882",
      "name": "设置",
      "font_class": "shezhi",
      "unicode": "f018f",
      "unicode_decimal": 983439
    },
    {
      "icon_id": "866455",
      "name": "360",
      "font_class": "360logo",
      "unicode": "e602",
      "unicode_decimal": 58882
    },
    {
      "icon_id": "5387553",
      "name": "搜索",
      "font_class": "sousuo",
      "unicode": "eafe",
      "unicode_decimal": 60158
    },
    {
      "icon_id": "26847398",
      "name": "百度",
      "font_class": "BaiDu",
      "unicode": "e601",
      "unicode_decimal": 58881
    },
    {
      "icon_id": "26847486",
      "name": "必应",
      "font_class": "Bing",
      "unicode": "e603",
      "unicode_decimal": 58883
    },
    {
      "icon_id": "26847507",
      "name": "搜狗",
      "font_class": "Sougou",
      "unicode": "e605",
      "unicode_decimal": 58885
    }
  ]
}
